<?xml version="1.0" encoding="UTF-8"?>
<qti-assessment-item xmlns="http://www.imsglobal.org/xsd/imsqtiasi_v3p0"
  xmlns:xsi="http://www.w3.org/2001/XMLSchema-instance"
  xsi:schemaLocation="http://www.imsglobal.org/xsd/imsqtiasi_v3p0 https://purl.imsglobal.org/spec/qti/v3p0/schema/xsd/imsqti_asiv3p0_v1p0.xsd"
  identifier="ITM-PCI" title="Percentages" adaptive="false" time-dependent="false" xml:lang="en">
  <qti-response-declaration identifier="RESPONSE" cardinality="single" base-type="string"/>
  <qti-outcome-declaration identifier="SCORE" cardinality="single" base-type="float">
    <qti-default-value>
      <qti-value>0</qti-value>
    </qti-default-value>
  </qti-outcome-declaration>
  <qti-item-body>
    <qti-portable-custom-interaction response-identifier="RESPONSE" module="pci" custom-interaction-type-identifier="QtiPci" data-version="1.0.0">
      <qti-interaction-modules>
        <qti-interaction-module id="pci" primary-path="../resources/pci/index"></qti-interaction-module>
      </qti-interaction-modules>
      <qti-interaction-markup><div>What percentage is colored green?</div></qti-interaction-markup>
    </qti-portable-custom-interaction>
  </qti-item-body>
</qti-assessment-item>
