<?xml version="1.0" encoding="UTF-8"?>
<manifest xmlns="http://www.imsglobal.org/xsd/qti/qtiv3p0/imscp_v1p1"
  xmlns:xsi="http://www.w3.org/2001/XMLSchema-instance"
  xsi:schemaLocation="http://www.imsglobal.org/xsd/qti/qtiv3p0/imscp_v1p1 https://purl.imsglobal.org/spec/qti/v3p0/schema/xsd/imsqtiv3p0_imscpv1p2_v1p0.xsd"
  identifier="QTI3-PACKAGE-1">
  <metadata>
    <schema>QTI Package</schema>
    <schemaversion>3.0.0</schemaversion>
  </metadata>
  <organizations/>
  <resources>
  <resource identifier="RES-ITEM" type="imsqti_item_xmlv3p0" href="items/ITM-PCI.xml">
    <file href="items/ITM-PCI.xml"/>
    <dependency identifierref="RES-PCI-JS"/>
  </resource>
  <resource identifier="RES-TEST" type="imsqti_test_xmlv3p0" href="assessmentTest.xml">
    <file href="assessmentTest.xml"/>
    <dependency identifierref="RES-ITEM"/>
  </resource>
  <resource identifier="RES-PCI-JS" type="webcontent" href="resources/pci/index.js">
    <file href="resources/pci/index.js"/>

  </resource>
  </resources>
</manifest>
