<?xml version="1.0" encoding="UTF-8"?>
<qti-assessment-test xmlns="http://www.imsglobal.org/xsd/imsqtiasi_v3p0" identifier="p16-pci-conformance-test" title="P16 PCI Conformance Test">
  <qti-test-part identifier="testPart-1" navigation-mode="nonlinear" submission-mode="individual">
    <qti-assessment-section identifier="assessmentSection-1" title="Section 1" visible="true" keep-together="true">
      <qti-item-session-control max-attempts="0" validate-responses="true" allow-review="true" allow-skipping="true" />
      <qti-assessment-item-ref identifier="pci-graphing-interaction-1" href="items/item-1/qti.xml"/>
      <qti-assessment-item-ref identifier="pci-graphing-interaction-2" href="items/item-2/qti.xml"/>
      <qti-assessment-item-ref identifier="pci-graphing-interaction-variables" href="items/item-3/qti.xml"/>
      <qti-assessment-item-ref identifier="pci-graphing-interaction-altconfig" href="items/item-4/qti.xml"/>
      <qti-assessment-item-ref identifier="pci-graphing-interaction-altconfig-modules" href="items/item-5/qti.xml"/>
      <qti-assessment-item-ref identifier="pci-graphing-interaction-fallback-mr" href="items/item-6/qti.xml"/>
    </qti-assessment-section>
  </qti-test-part>
</qti-assessment-test>
