<?xml version="1.0" encoding="UTF-8"?>
<manifest xmlns="http://www.imsglobal.org/xsd/imscp_v1p3" xmlns:imsmd="http://ltsc.ieee.org/xsd/LOM" 
          xmlns:xsi="http://www.w3.org/2001/XMLSchema-instance" 
          xmlns:imsqti="http://www.imsglobal.org/xsd/imsqti_metadata_v2p2" 
          xsi:schemaLocation="http://ltsc.ieee.org/xsd/LOM http://www.imsglobal.org/xsd/imsmd_loose_v1p3p2.xsd
    http://www.imsglobal.org/xsd/imscp_v1p3 https://www.imsglobal.org/xsd/qti/qtiv3p0/qtiv3p0_imscpv1p3_v1p0.xsd
    http://www.imsglobal.org/xsd/imsqti_metadata_v2p2 https://www.imsglobal.org/xsd/qti/qtiv2p2/imsqti_metadata_v2p2p1.xsd" 
          identifier="GraphingInteraction-PCI-Package">
    <metadata>
        <schema>QTIv3.0 Package</schema>
        <schemaversion>1.0.0</schemaversion>
    </metadata>
    <organizations />
    <resources>
      <resource type="imsqti_item_xmlv3p0" identifier="pci-graphing-interaction-1" href="items/item-1/qti.xml">
        <file href="items/item-1/qti.xml"/>
        <file href="items/item-1/css/styles.css"/>
        <file href="items/item-1/modules/module_resolution.js"/>
        <file href="items/item-1/modules/lib/bignumber-9.1.2-min.js"/>
        <file href="items/item-1/modules/lib/raphael-2.3.0-min.js"/>
        <file href="items/item-1/modules/PciUtilities.js"/>
	<file href="items/item-1/modules/PlottedPoint.js"/>
	<file href="items/item-1/modules/FullPlane.js"/>
	<file href="items/item-1/modules/CoordinatePlaneFactory.js"/>
	<file href="items/item-1/modules/Graph.js"/>
        <file href="items/item-1/modules/GraphingModule.js"/>
	<file href="items/item-1/modules/GraphingInteraction.js"/>
      </resource>
      <resource type="imsqti_item_xmlv3p0" identifier="pci-graphing-interaction-2" href="items/item-2/qti.xml">
        <file href="items/item-2/qti.xml"/>
        <file href="items/item-2/css/styles.css"/>
        <file href="items/item-2/modules/module_resolution.js"/>
        <file href="items/item-2/modules/lib/bignumber-9.1.2-min.js"/>
        <file href="items/item-2/modules/lib/raphael-2.3.0-min.js"/>
        <file href="items/item-2/modules/PciUtilities.js"/>
	<file href="items/item-2/modules/PlottedPoint.js"/>
	<file href="items/item-2/modules/FullPlane.js"/>
	<file href="items/item-2/modules/CoordinatePlaneFactory.js"/>
	<file href="items/item-2/modules/Graph.js"/>
        <file href="items/item-2/modules/GraphingModule.js"/>
	<file href="items/item-2/modules/GraphingInteraction.js"/>
      </resource>
      <resource type="imsqti_item_xmlv3p0" identifier="pci-graphing-interaction-variables" href="items/item-3/qti.xml">
        <file href="items/item-3/qti.xml"/>
        <file href="items/item-3/css/styles.css"/>
        <file href="items/item-3/modules/module_resolution.js"/>
        <file href="items/item-3/modules/lib/bignumber-9.1.2-min.js"/>
        <file href="items/item-3/modules/lib/raphael-2.3.0-min.js"/>
        <file href="items/item-3/modules/PciUtilities.js"/>
	<file href="items/item-3/modules/PlottedPoint.js"/>
	<file href="items/item-3/modules/FullPlane.js"/>
	<file href="items/item-3/modules/CoordinatePlaneFactory.js"/>
	<file href="items/item-3/modules/Graph.js"/>
        <file href="items/item-3/modules/GraphingModule.js"/>
	<file href="items/item-3/modules/GraphingInteraction.js"/>
      </resource>
      <resource type="imsqti_item_xmlv3p0" identifier="pci-graphing-interaction-altconfig" href="items/item-4/qti.xml">
        <file href="items/item-4/qti.xml"/>
        <file href="items/item-4/css/styles.css"/>
        <file href="items/item-4/config.json"/>
        <file href="items/item-4/modules/lib/bignumber-9.1.2-min.js"/>
        <file href="items/item-4/modules/lib/raphael-2.3.0-min.js"/>
        <file href="items/item-4/modules/PciUtilities.js"/>
	<file href="items/item-4/modules/PlottedPoint.js"/>
	<file href="items/item-4/modules/FullPlane.js"/>
	<file href="items/item-4/modules/CoordinatePlaneFactory.js"/>
	<file href="items/item-4/modules/Graph.js"/>
        <file href="items/item-4/modules/GraphingModule.js"/>
	<file href="items/item-4/modules/GraphingInteraction.js"/>
      </resource>
      <resource type="imsqti_item_xmlv3p0" identifier="pci-graphing-interaction-altconfig-override" href="items/item-5/qti.xml">
        <file href="items/item-5/qti.xml"/>
        <file href="items/item-5/css/styles.css"/>
        <file href="items/item-5/config.json"/>
        <file href="items/item-5/modules/lib/bignumber-9.1.2-min.js"/>
        <file href="items/item-5/modules/lib/raphael-2.3.0-min.js"/>
        <file href="items/item-5/modules/PciUtilities.js"/>
	<file href="items/item-5/modules/PlottedPoint.js"/>
	<file href="items/item-5/modules/FullPlane.js"/>
	<file href="items/item-5/modules/CoordinatePlaneFactory.js"/>
	<file href="items/item-5/modules/Graph.js"/>
        <file href="items/item-5/modules/GraphingModule.js"/>
	<file href="items/item-5/modules/GraphingInteraction.js"/>
      </resource>
      <resource type="imsqti_item_xmlv3p0" identifier="pci-graphing-interaction-fallback-mr" href="items/item-6/qti.xml">
        <file href="items/item-6/qti.xml"/>
        <file href="items/item-6/css/styles.css"/>
        <file href="items/item-6/config.json"/>
        <file href="items/item-6/modules/fallback_module_resolution.js"/>
        <file href="items/item-6/modules/lib/bignumber-9.1.2-min.js"/>
        <file href="items/item-6/modules/lib/raphael-2.3.0-min.js"/>
        <file href="items/item-6/modules/PciUtilities.js"/>
	<file href="items/item-6/modules/PlottedPoint.js"/>
	<file href="items/item-6/modules/FullPlane.js"/>
	<file href="items/item-6/modules/CoordinatePlaneFactory.js"/>
	<file href="items/item-6/modules/Graph.js"/>
        <file href="items/item-6/modules/GraphingModule.js"/>
	<file href="items/item-6/modules/GraphingInteraction.js"/>
      </resource>
      <resource type="imsqti_test_xmlv3p0" identifier="p16-pci-conformance-test" href="assessment.xml">
        <file href="assessment.xml"/>
      </resource>      
    </resources>
</manifest>
